"dataframe","question","answer"
"dataframe","question","answer"
"dataframe","question","answer"
"dataframe","question","answer"
"dataframe","question","answer"
"dataframe","question","answer"
"dataframe","question","answer"
"dataframe","question","answer"
"dataframe","question","answer"
"dataframe","question","answer"
"dataframe","question","answer"
"dataframe","question","answer"
"dataframe","question","answer"
"dataframe","question","answer"
"dataframe","question","answer"
"dataframe","question","answer"
"dataframe","question","answer"
"dataframe","question","answer"
"dataframe","question","answer"
"dataframe","question","answer"
"dataframe","question","answer"
"dataframe","question","answer"
"dataframe","question","answer"
"dataframe","question","answer"

